252.stateavg,al_f-1,al_hf-1
447.hospital_type,aucte care hospitals,acute care hospitals
937.address_one,515 mirjanda st,515 miranda st
397.county_name,autauag,autauga
538.stateavg,al_scipinf-4,al_scip-inf-4
550.measure_name,heart failure patients given an evaluation of left ventricular systolic (lvs) fuction,heart failure patients given an evaluation of left ventricular systolic (lvs) function
872.stateavg,al_scip-inf-d2,al_scip-inf-2
982.address_two,empqty,empty
449.county_name,nachorage,anchorage
98.state,la,al
14.emergency_service,yfes,yes
361.hospital_name,northwest medical centeer,northwest medical center
21.phone_number,2.563864556E9,3347938701
827.hospital_owner,propriectary,proprietary
764.state,la,al
353.address_one,810 st vicents drive,810 st vincents drive
138.measure_name,surgery patients who were given an antibiotic at the right time (within one hour before surgery) to help prevent nfection,surgery patients who were given an antibiotic at the right time (within one hour before surgery) to help prevent infection
841.stateavg,alp_n-4,al_pn-4
553.address_two,mpty,empty
20.hospital_owner,government - hospital disrtict or authority,government - hospital district or authority
829.condition,hearjt attack,heart attack
354.provider_number,6548,10085
326.emergency_service,yse,yes
792.address_three,empyt,empty
424.measure_name,heart failure patients given ace inhibitor or arb for left ventricularsystolic dysfunction (lvsd),heart failure patients given ace inhibitor or arb for left ventricular systolic dysfunction (lvsd)
581.hospital_owner,vouluntary non-profit - other,voluntary non-profit - other
447.county_name,anchoraeg,anchorage
89.city,florenec,florence
265.address_one,33700 highway43,33700 highway 43
846.condition,surgical infection prevenion,surgical infection prevention
259.address_three,mpty,empty
364.condition,heartfailure,heart failure
797.city,hzuntsville,huntsville
117.measure_name,surgery patients needing hair removed from the surgical area before surgery who had hair removed using a saferm ethod (electric clippers or hair removal cream c not a razor),surgery patients needing hair removed from the surgical area before surgery who had hair removed using a safer method (electric clippers or hair removal cream c not a razor)
718.state,l,al
675.score,6%,96%
2.measure_name,heart attack patients given fibrinolytic medication within 30 minutes of arrival,surgery patients who were given an antibiotic at the right time (within one hour before surgery) to help prevent infection
258.measure_name,pneumoni apatients given smoking cessation advice/counseling,pneumonia patients given smoking cessation advice/counseling
631.stateavg,axl_pn-5c,al_pn-5c
908.measure_code,uami-3,ami-3
15.index,5.0,15
958.score,mpty,empty
509.hospital_name,cheroke medical center,cherokee medical center
978.address_two,empwty,empty
902.measure_name,patients who got treatment  at the right time (within 24 hours before or after their surgery)t o help prevent blood clots after certain types of surgery,patients who got treatment  at the right time (within 24 hours before or after their surgery) to help prevent blood clots after certain types of surgery
981.address_two,empyt,empty
905.county_name,wetowah,etowah
594.hospital_name,elba eneral hospital,elba general hospital
18.emergency_service,yse,yes
11.address_one,1720 university blvd,1300 south montgomery avenue
232.score,t93%,93%
662.county_name,rbandolph,randolph
688.city,birminghma,birmingham
707.measure_name,neumonia patients given the most appropriate initial antibiotic(s),pneumonia patients given the most appropriate initial antibiotic(s)
116.provider_number,6828,10007
735.county_name,cullmn,cullman
177.condition,heartf ailure,heart failure
968.address_one,400 n edwardus street,400 n edwards street
449.phone_number,9072761231,9072761131
437.state,apk,ak
488.stateavg,apl_scip-inf-4,al_scip-inf-4
134.condition,pneumoniva,pneumonia
18.index,23.0,18
736.stateavg,al_sip-inf-2,al_scip-inf-2
107.measure_code,pn-b3,pn-3b
161.score,9%7,97%
463.condition,surgical infection prevenion,surgical infection prevention
762.state,cal,al
99.address_one,702o n main st,702 n main st
382.score,10%,100%
491.condition,surgical infection prevuention,surgical infection prevention
954.emergency_service,o,no
874.hospital_type,acue care hospitals,acute care hospitals
4.phone_number,2.563864556E9,2053258100
608.condition,pneulmonia,pneumonia
250.hospital_owner,governmnet - federal,government - federal
261.emergency_service,es,yes
86.measure_code,np-7,pn-7
894.city,fayejtte,fayette
42.zip_code,36322,36302
147.sample,1 patinets,1 patients
258.county_name,carke,clarke
794.stateavg,al_p-n7,al_pn-7
579.address_three,mpty,empty
781.measure_name,heart atutack patients given smoking cessation advice/counseling,heart attack patients given smoking cessation advice/counseling
24.measure_name,heart attak patients given beta blocker at discharge,heart attack patients given beta blocker at discharge
630.score,10%0,100%
983.stateavg,al_ami3-,al_ami-3
830.score,100g%,100%
726.stateavg,a_hf-3,al_hf-3
211.address_one,50 medical park easwt drive,50 medical park east drive
187.stateavg,alscip-card-2,al_scip-card-2
260.score,00%,100%
286.condition,neumonia,pneumonia
573.hospital_owner,voluntary notn-profit - other,voluntary non-profit - other
708.address_two,emty,empty
118.stateavg,avl_scip-vte-1,al_scip-vte-1
840.address_one,1010 lay damroad,1010 lay dam road
673.county_name,jefefrson,jefferson
428.city,sylacaga,sylacauga
715.emergency_service,o,no
978.hospital_type,acute acre hospitals,acute care hospitals
708.hospital_type,acute acre hospitals,acute care hospitals
498.measure_name,heart attack patients given pci within 90 minutes of arrival***,heart attack patients given pci within 90 minutes of arrival
671.condition,heart atack,heart attack
140.score,1n00%,100%
498.hospital_name,cherokee medical cecnter,cherokee medical center
304.hospital_owner,voulntary non-profit - private,voluntary non-profit - private
990.condition,qheart failure,heart failure
16.score,8%0,80%
604.stateavg,al_n-3b,al_pn-3b
755.measure_code,n-4,pn-4
183.address_three,empyt,empty
196.measure_code,ami2-,ami-2
516.condition,surghical infection prevention,surgical infection prevention
540.hospital_owner,voluntary noyn-profit - church,voluntary non-profit - church
114.measure_name,surgery patients who were given the  right kind  of antibioic to help prevent infection,surgery patients who were given the  right kind  of antibiotic to help prevent infection
735.hospital_name,cullman rxegional medical center,cullman regional medical center
883.sample, patients,0 patients
416.county_name,tallasdega,talladega
601.address_three,emptty,empty
981.emergency_service,yxes,yes
266.city,thmoasville,thomasville
812.hospital_owner,progprietary,proprietary
6.emergency_service,yse,yes
445.address_one,2801 debbarr road,2801 debarr road
129.emergency_service,es,yes
729.measure_name,apneumonia patients whose initial emergency room blood culture was performed prior to the administration of the first hospital dose of antibiotics,pneumonia patients whose initial emergency room blood culture was performed prior to the administration of the first hospital dose of antibiotics
745.stateavg,l_ami-4,al_ami-4
887.address_one,1653 teple avenue north,1653 temple avenue north
969.stateavg,al_pnp-4,al_pn-4
126.address_one,101 hospital ircle,101 hospital circle
991.hospital_owner,voluntaroy non-profit - private,voluntary non-profit - private
619.stateavg,l_ami-3,al_ami-3
881.hospital_name,fayette mmedical center,fayette medical center
709.state,eal,al
751.emergency_service,on,no
351.hospital_type,acute acre hospitals,acute care hospitals
534.measure_name,surgery patients who were taking heart drugs called beta blockers before coming to the hospital who wlere kept on the beta blockers during the period just before and after their surgery,surgery patients who were taking heart drugs called beta blockers before coming to the hospital who were kept on the beta blockers during the period just before and after their surgery
997.hospital_owner,voluntary nn-profit - private,voluntary non-profit - private
35.score,8%0,80%
283.emergency_service,ydes,yes
219.address_two,empnty,empty
696.hospital_name,coammunity hospital inc,community hospital inc
393.emergency_service,yews,yes
588.sample,0 patietns,0 patients
129.hospital_type,acute carme hospitals,acute care hospitals
758.state,adl,al
661.city,wedotwee,wedowee
355.address_three,mepty,empty
351.condition,heart tatack,heart attack
126.measure_name,heart attack patients given pci within 90 mintes of arrival,heart attack patients given pci within 90 minutes of arrival
992.score,74y%,74%
836.hospital_name,chiltn medical center,chilton medical center
181.city,untersville,guntersville
986.hospital_name,syt vincents blount,st vincents blount
611.measure_name,surgery patients who were given the  right kind  of antibiotic to help prevent infectin,surgery patients who were given the  right kind  of antibiotic to help prevent infection
795.measure_code,scip-crard-2,scip-card-2
900.index,1699,900
976.address_three,empyt,empty
806.address_one,007 goodyear avenue,1007 goodyear avenue
794.hospital_owner,government - hospital ditrict or authority,government - hospital district or authority
588.address_two,empyt,empty
16.condition,eart failure,heart failure
970.emergency_service,yews,yes
408.index,1840,408
885.condition,heart failurve,heart failure
925.address_two,empfty,empty
132.address_one,101 hospita circle,101 hospital circle
284.condition,dpneumonia,pneumonia
127.address_one,101 hspital circle,101 hospital circle
511.address_three,mpty,empty
604.sample,9 patients,19 patients
820.address_one,1007 goodyear avenue***,1007 goodyear avenue
864.sample,10 patients,101 patients
744.emergency_service,o,no
422.stateavg,l_hf-1,al_hf-1
139.hospital_name,crenshaw commuinty hospital,crenshaw community hospital
739.hospital_name,cullman reional medical center,cullman regional medical center
57.address_one,2505 u s highway431 north,2505 u s highway 431 north
776.emergency_service,es,yes
596.hospital_type,acutec are hospitals,acute care hospitals
366.emergency_service,yse,yes
913.emergency_service,yse,yes
245.provider_number,11854,10015
362.sample,48s patients,48 patients
905.state,la,al
391.emergency_service,ys,yes
51.score,empy,empty
7.hospital_name,callahan eye foundation hopsital,callahan eye foundation hospital
777.emergency_service,yebs,yes
654.measure_code,pn-b,pn-3b
741.measure_name,patients who got treatment  at the right time (within 24 hours before or after hteir surgery) to help prevent blood clots after certain types of surgery,patients who got treatment  at the right time (within 24 hours before or after their surgery) to help prevent blood clots after certain types of surgery
398.emergency_service,ayes,yes
166.hospital_name,artselle medical center,hartselle medical center
802.address_three,epty,empty
479.emergency_service,yse,yes
401.condition,heart fialure,heart failure
10.hospital_name,southeast alabama medical center,helen keller memorial hospital
2.index,28.0,2
231.hospital_name,dekalb regional meodical center,dekalb regional medical center
105.score,10%0,100%
431.emergency_service,xno,no
385.hospital_type,aute care hospitals,acute care hospitals
381.stateavg,a_ami-2,al_ami-2
932.condition,hieart attack,heart attack
966.measure_name,heart failure patients given smokin gcessation advice/counseling,heart failure patients given smoking cessation advice/counseling
637.address_two,empyt,empty
172.measure_code,amiz-3,ami-3
193.condition,surgcial infection prevention,surgical infection prevention
226.address_three,mepty,empty
881.city,faeytte,fayette
728.measure_name,pneumonia patients assessed and givn pneumococcal vaccination,pneumonia patients assessed and given pneumococcal vaccination
988.hospital_name,st vincens blount,st vincents blount
184.condition,pneumonsia,pneumonia
25.index,13.0,25
942.address_one,515 miranyda st,515 miranda st
240.hospital_owner,vyoluntary non-profit - church,voluntary non-profit - church
173.stateavg,ala_mi-4,al_ami-4
433.address_three,epty,empty
138.hospital_name,crenashaw community hospital,crenshaw community hospital
306.zip_code,40377,35233
187.address_one,e8000 alabama highway 69,8000 alabama highway 69
712.measure_code,csip-inf-3,scip-inf-3
864.score,96d%,96%
991.score,3%,43%
74.emergency_service,yse,yes
945.measure_code,pn5c,pn-5c
167.address_three,emtpy,empty
434.emergency_service,ys,yes
706.hospital_type,acutze care hospitals,acute care hospitals
274.stateavg,ala_mi-5,al_ami-5
744.score,v100%,100%
352.stateavg,a_lami-4,al_ami-4
747.address_three,empthy,empty
998.sample,8 patientds,8 patients
851.state,l,al
244.address_one,200 med center drve,200 med center drive
992.city,neonta,oneonta
909.measure_code,ami4-,ami-4
966.hospital_type,acue care hospitals,acute care hospitals
785.stateavg,al_hf-d1,al_hf-1
38.phone_number,5111241356,3347938701
135.hospital_name,crenshaw communiyt hospital,crenshaw community hospital
4.stateavg,al_ami-3,al_scip-inf-3
933.condition,eart attack,heart attack
515.hospital_type,acut care hospitals,acute care hospitals
31.condition,pneumoniaa,pneumonia
6.hospital_type,acute care hositals,acute care hospitals
798.county_name,madisodn,madison
956.city,enterpirse,enterprise
327.emergency_service,cyes,yes
66.city,boz,boaz
377.county_name,mrion,marion
976.score,10z0%,100%
312.measure_code,cc-2,cac-2
752.emergency_service,nfo,no
120.measure_code,ami1,ami-1
155.hospital_name,hartselle medicaol center,hartselle medical center
300.hospital_type,acute cae hospitals,acute care hospitals
470.score,00%,100%
762.stateavg,la_scip-inf-3,al_scip-inf-3
383.county_name,obile,mobile
121.score,10%0,100%
312.condition,children  asthma care,children s asthma care
4.hospital_name,helen keller memorial hospital,callahan eye foundation hospital
8.measure_code,scip-inf-3,scip-vte-2
56.county_name,mrshall,marshall
485.address_three,emtpy,empty
923.hospital_name,riverview regional medical ceqnter,riverview regional medical center
741.hospital_owner,govenment - hospital district or authority,government - hospital district or authority
669.state,l,al
165.address_three,mpty,empty
659.hospital_type,acutep care hospitals,acute care hospitals
922.address_two,emhpty,empty
597.measure_name,heart attack patients given fibrinolyticm medication within 30 minutes of arrival,heart attack patients given fibrinolytic medication within 30 minutes of arrival
748.score,epmty,empty
226.city,fxort payne,fort payne
815.city,adsden,gadsden
789.hospital_type,acute cahre hospitals,acute care hospitals
882.score,8g2%,82%
51.address_one,2505 u s highway 431 norh,2505 u s highway 431 north
644.emergency_service,o,no
451.measure_name,heart attack patients gven aspirin at arrival,heart attack patients given aspirin at arrival
635.hospital_name,east alabamam edical center and snf,east alabama medical center and snf
362.city,wifield,winfield
285.sample,11n6 patients,116 patients
14.city,ksheffield,sheffield
723.score,epmty,empty
285.address_three,mpty,empty
899.county_name,fiayette,fayette
63.address_one,2505 u s hihway 431 north,2505 u s highway 431 north
314.measure_code,ami1-,ami-1
989.hospital_owner,voluntary non-profmit - private,voluntary non-profit - private
286.address_three,epmty,empty
571.address_one,800 48th st,4800 48th st
919.hospital_owner,proprieatry,proprietary
369.sample,85 pateints,85 patients
131.emergency_service,yues,yes
134.city,luvrene,luverne
594.stateavg,ual_ami-3,al_ami-3
139.emergency_service,yexs,yes
502.county_name,herokee,cherokee
197.condition,hear tattack,heart attack
941.measure_code,hgf-4,hf-4
390.county_name,mmobile,mobile
930.measure_code,scipw-vte-2,scip-vte-2
494.hospital_type,actue care hospitals,acute care hospitals
27.address_two,epty,empty
131.hospital_name,crenshaw communityl hospital,crenshaw community hospital
341.hospital_type,acute care hospsitals,acute care hospitals
43.phone_number,3347938738,3347938701
161.measure_name,pneumonia patients assessed and given influenz vaccination,pneumonia patients assessed and given influenza vaccination
613.measure_code,scip-invf-4,scip-inf-4
993.emergency_service,yse,yes
965.emergency_service,zyes,yes
904.emergency_service,es,yes
4.provider_number,10001.0,10018
667.emergency_service,ys,yes
528.sample,99 patints,99 patients
955.measure_code,scip-vte2,scip-vte-2
327.measure_name,pnfeumonia patients given smoking cessation advice/counseling,pneumonia patients given smoking cessation advice/counseling
118.measure_code,vscip-vte-1,scip-vte-1
707.address_three,mpty,empty
120.state,aal,al
304.sample,epty,empty
167.measure_name,surgery patients needing hair removed from the surgical area before surgery who had hair removed using a saefr method (electric clippers or hair removal cream c not a razor),surgery patients needing hair removed from the surgical area before surgery who had hair removed using a safer method (electric clippers or hair removal cream c not a razor)
331.address_one,3v01 east 18th st,301 east 18th st
211.city,vbirmingham,birmingham
222.measure_code,amie-3,ami-3
771.address_two,mepty,empty
456.hospital_type,acute caer hospitals,acute care hospitals
821.emergency_service,pyes,yes
102.city,orpp,opp
811.measure_name,heart failure patients given an evaluation of left venutricular systolic (lvs) function,heart failure patients given an evaluation of left ventricular systolic (lvs) function
997.address_two,mpty,empty
2.hospital_owner,voluntary non-prfoit - private,voluntary non-profit - private
477.emergency_service,es,yes
141.condition,surgical infection prveention,surgical infection prevention
207.sample,13f1 patients,131 patients
660.condition,surgical nifection prevention,surgical infection prevention
439.city,anhorage,anchorage
735.sample,411 aptients,411 patients
273.condition,hear tattack,heart attack
790.hospital_name,huyntsville hospital,huntsville hospital
352.address_two,emty,empty
292.measure_name,surgery patients needing hair removed from the surgical area before surgery who had hair removed using a safer method (electric clippers or hair removal cream c not a razo)r,surgery patients needing hair removed from the surgical area before surgery who had hair removed using a safer method (electric clippers or hair removal cream c not a razor)
2.hospital_name,helen keller memorial hospital,callahan eye foundation hospital
97.address_three,mpty,empty
676.address_three,empy,empty
611.stateavg,al_sqcip-inf-2,al_scip-inf-2
407.hospital_owner,voluntry non-profit - private,voluntary non-profit - private
334.stateavg,al_hf4-,al_hf-4
887.hospital_type,acute ycare hospitals,acute care hospitals
445.emergency_service,yse,yes
198.hospital_owner,volunary non-profit - private,voluntary non-profit - private
443.address_three,emptqy,empty
794.measure_code,p-7,pn-7
291.score,9%3,93%
836.measure_name,heart failure patients igven an evaluation of left ventricular systolic (lvs) function,heart failure patients given an evaluation of left ventricular systolic (lvs) function
470.provider_number,13113,10021
992.address_one,150 gilbretah drive,150 gilbreath drive
282.state,l,al
834.emergency_service,yse,yes
757.measure_code,p-6,pn-6
22.city,dothna,dothan
677.sample,13 0patients,130 patients
223.stateavg,l_ami-4,al_ami-4
339.phone_number,856621239,3347935000
5.address_two,empyt,empty
585.address_one,480j0 48th st,4800 48th st
460.city,hseffield,sheffield
432.state,la,al
767.stateavg,alc_ac-1,al_cac-1
798.sample,561patients,561 patients
407.state,l,al
608.county_name,coffee***,coffee
788.county_name,madicson,madison
787.city,untsville,huntsville
397.state,la,al
361.state,l,al
292.provider_number,9246,10016
877.measure_code,scpi-vte-2,scip-vte-2
557.stateavg,al_pn6-,al_pn-6
341.index,-685,341
9.hospital_type,ackute care hospitals,acute care hospitals
786.county_name,adison,madison
753.address_one,849 south threew notch street,849 south three notch street
215.hospital_owner,voluntary non-profit-  private,voluntary non-profit - private
86.score,m88%,88%
6.address_one,1108 ross clark circle,1720 university blvd
176.sample,0 pateints,0 patients
931.score,x53%,53%
59.sample,211 ptaients,211 patients
814.score,69%,96%
862.address_three,empy,empty
52.zip_code,39355,35957
48.hospital_owner,government - hospital district or authoriyt,government - hospital district or authority
25.sample,0 puatients,0 patients
962.condition,heart attiack,heart attack
870.city,hamliton,hamilton
291.sample,116 pateints,116 patients
13.address_one,1108 ross clark circle,1300 south montgomery avenue
847.address_one,1010 lay dam oad,1010 lay dam road
791.sample,294 patiernts,294 patients
466.city,sdheffield,sheffield
92.score,10%,100%
689.index,-617,689
278.hospital_owner,voluntary nocn-profit - church,voluntary non-profit - church
247.hospital_type,acute crae hospitals,acute care hospitals
705.address_one,8g05 friendship road,805 friendship road
899.hospital_owner,volpuntary non-profit - other,voluntary non-profit - other
173.address_three,epmty,empty
793.hospital_owner,governent - hospital district or authority,government - hospital district or authority
235.hospital_name,dekalb reional medical center,dekalb regional medical center
571.provider_number,12637,10025
423.address_one,315 w ickory st,315 w hickory st
837.emergency_service,eys,yes
206.address_two,emptjy,empty
460.county_name,jefferscon,jefferson
120.condition,heart attack***,heart attack
438.hospital_type,acuxte care hospitals,acute care hospitals
688.state,l,al
300.condition,hearot attack,heart attack
366.county_name,arion,marion
497.emergency_service,yyes,yes
133.hospital_name,crenshaw community hosiptal,crenshaw community hospital
265.county_name,clarkke,clarke
716.phone_number,6609475843,3342836541
273.address_three,emtpy,empty
713.condition,surgical uinfection prevention,surgical infection prevention
969.measure_name,pneuomnia patients given smoking cessation advice/counseling,pneumonia patients given smoking cessation advice/counseling
354.sample,025 patients,205 patients
109.stateavg,al_pn5c,al_pn-5c
314.emergency_service,eys,yes
361.measure_name,heart attack patients given pci within 90 mrinutes of arrival,heart attack patients given pci within 90 minutes of arrival
141.county_name,crvenshaw,crenshaw
95.hospital_name,mizell memorial hsopital,mizell memorial hospital
241.measure_name,all heart surgery patients whose blood sugar (blood glucose) is kept udner good control in the days right after surgery,all heart surgery patients whose blood sugar (blood glucose) is kept under good control in the days right after surgery
28.hospital_type,acute caer hospitals,acute care hospitals
733.hospital_type,acute care hospitxals,acute care hospitals
266.measure_name,all heart surgery patients whose blood sugar (blood glucose) is kept under good control in the days right fater surgery,all heart surgery patients whose blood sugar (blood glucose) is kept under good control in the days right after surgery
233.index,1721,233
569.provider_number,10685,10025
310.hospital_owner,evoluntary non-profit - private,voluntary non-profit - private
907.condition,heart aettack,heart attack
831.measure_code,am-4,ami-4
346.state,l,al
782.state,la,al
384.sample,96 poatients,96 patients
251.hospital_name,southwest alabaa medical center,southwest alabama medical center
62.score,36i%,36%
220.index,1780,220
291.city,alabsater,alabaster
570.emergency_service,ys,yes
382.measure_code,am-3,ami-3
944.measure_name,pneumonia patients given smoking cessation advcie/counseling,pneumonia patients given smoking cessation advice/counseling
651.score,2%,25%
745.score,mepty,empty
615.address_three,empyt,empty
622.city,opelkia,opelika
857.measure_code,amie-5,ami-5
465.measure_name,surgery patients whose doctors ordered treatments to prevent blood clots after certain types owf surgeries,surgery patients whose doctors ordered treatments to prevent blood clots after certain types of surgeries
689.condition,surgical nfection prevention,surgical infection prevention
31.state,atl,al
236.condition,pneumonsia,pneumonia
54.address_one,2505 u s highway 431 orth,2505 u s highway 431 north
644.measure_name,ehart attack patients given ace inhibitor or arb for left ventricular systolic dysfunction (lvsd),heart attack patients given ace inhibitor or arb for left ventricular systolic dysfunction (lvsd)
8.address_one,1300 south montgomery avenue,1720 university blvd
670.hospital_owner,government - hstate,government - state
501.hospital_type,acute scare hospitals,acute care hospitals
66.state,l,al
160.address_one,201 pine street nortwhest,201 pine street northwest
143.city,luvenre,luverne
44.city,dothna,dothan
421.score,emwpty,empty
641.stateavg,al_scipv-te-2,al_scip-vte-2
207.address_one,50 medical par east drive,50 medical park east drive
128.city,luvere,luverne
837.measure_name,hearty failure patients given ace inhibitor or arb for left ventricular systolic dysfunction (lvsd),heart failure patients given ace inhibitor or arb for left ventricular systolic dysfunction (lvsd)
48.measure_name,heart attack patients given smoking cssation advice/counseling,heart attack patients given smoking cessation advice/counseling
576.hospital_name,g h laniermemorial hospital,g h lanier memorial hospital
1.address_three,mpty,empty
16.index,1.0,16
742.hospital_owner,proprieary,proprietary
588.address_one,4800 4s8th st,4800 48th st
862.measure_name,heart failure patients given ace inhibitor or arb for left ventricular systolic dysfuncton (lvsd),heart failure patients given ace inhibitor or arb for left ventricular systolic dysfunction (lvsd)
386.hospital_owner,government - staite,government - state
256.address_three,emptty,empty
17.stateavg,al_fh-2,al_hf-2
881.emergency_service,ywes,yes
509.city,centrye,centre
84.provider_number,5533,10006
448.stateavg,ak_cip-inf-6,ak_scip-inf-6
659.address_one,209 north main streeht,209 north main street
955.county_name,butlre,butler
194.address_three,emzpty,empty
450.state,k,ak
26.county_name,houtson,houston
878.measure_code,am-i1,ami-1
674.condition,hefart failure,heart failure
896.condition,surgial infection prevention,surgical infection prevention
865.hospital_name,marion regionaln medical center,marion regional medical center
247.measure_name,heart attack patients given ace inhihbitor or arb for left ventricular systolic dysfunction (lvsd),heart attack patients given ace inhibitor or arb for left ventricular systolic dysfunction (lvsd)
184.measure_code,n-5c,pn-5c
386.hospital_type,acute care hospitasl,acute care hospitals
860.score,x74%,74%
467.state,oal,al
411.measure_code,scip-inof-2,scip-inf-2
501.address_one,v400 northwood dr,400 northwood dr
806.hospital_type,acute carhe hospitals,acute care hospitals
497.hospital_name,herokee medical center,cherokee medical center
853.address_two,mpty,empty
898.stateavg,al_scyip-inf-3,al_scip-inf-3
879.hospital_name,fayette emdical center,fayette medical center
578.state,la,al
794.address_two,emty,empty
545.address_two,empy,empty
457.score,8%6,86%
520.sample,119 patientus,119 patients
729.measure_code,spn-3b,pn-3b
88.measure_name,surgery patients who were given an antibiotic at the right time (within one hour before srgery) to help prevent infection,surgery patients who were given an antibiotic at the right time (within one hour before surgery) to help prevent infection
930.county_name,eutowah,etowah
732.city,cullman***,cullman
499.city,center,centre
766.emergency_service,o,no
334.condition,heart afilure,heart failure
884.address_one,1653 tmeple avenue north,1653 temple avenue north
665.state,l,al
102.hospital_type,acut care hospitals,acute care hospitals
603.address_three,empyt,empty
878.sample,18 paitents,18 patients
3.stateavg,al_ami-7a,al_scip-inf-2
194.sample,6 patients,56 patients
641.measure_code,scip-vt-e2,scip-vte-2
839.hospital_owner,voluntary non-profit - privkate,voluntary non-profit - private
981.zip_code,20671,35121
522.state,la,al
985.measure_code,xami-5,ami-5
393.address_one,x124 s memorial dr,124 s memorial dr
506.address_one,400 norhtwood dr,400 northwood dr
716.hospital_name,community hopital inc,community hospital inc
703.score,7%,87%
871.hospital_name,marion regional medicaol center,marion regional medical center
14.hospital_name,callahan eye foundation hospital,helen keller memorial hospital
404.county_name,autaua,autauga
10.measure_code,amgi-2,ami-2
60.address_one,250 u s highway 431 north,2505 u s highway 431 north
594.provider_number,6502,10027
880.condition,heart atatck,heart attack
73.condition,heart attck,heart attack
586.state,ail,al
505.hospital_name,cheroke emedical center,cherokee medical center
587.address_two,empy,empty
711.measure_code,scp-inf-2,scip-inf-2
336.measure_name,penumonia patients whose initial emergency room blood culture was performed prior to the administration of the first hospital dose of antibiotics,pneumonia patients whose initial emergency room blood culture was performed prior to the administration of the first hospital dose of antibiotics
306.county_name,jefiferson,jefferson
105.address_one,702 n maain st,702 n main st
987.measure_code,mai-8a,ami-8a
650.address_three,mepty,empty
872.county_name,mairon,marion
936.stateavg,al_ami-a7,al_ami-7a
92.measure_code,scip-inf-t6,scip-inf-6
188.sample,6 patients,66 patients
695.address_three,emtpy,empty
1.zip_code,30560,35233
361.address_one,1350 u s highway 43,1530 u s highway 43
180.address_two,mpty,empty
279.county_name,shelyb,shelby
714.state,axl,al
145.hospital_type,acute care hospiatls,acute care hospitals
53.phone_number,952008194,2565938310
839.county_name,cihlton,chilton
383.score,00%,100%
797.condition,nsurgical infection prevention,surgical infection prevention
289.stateavg,yal_scip-inf-2,al_scip-inf-2
920.address_two,pempty,empty
895.address_two,mpty,empty
309.address_one,1720 unversity blvd,1720 university blvd
757.condition,pneumona,pneumonia
144.measure_name,patients who got treatment  at the right time (within 24 hours before or after their surgery) to help prevent blood clots after certain types of usrgery,patients who got treatment  at the right time (within 24 hours before or after their surgery) to help prevent blood clots after certain types of surgery
635.county_name,le,lee
870.stateavg,al_svcip-card-2,al_scip-card-2
561.measure_name,surgery patients who were given the  right kind of antibiotic to help prevent infection,surgery patients who were given the  right kind  of antibiotic to help prevent infection
536.measure_name,surgery patients who were given the  right kind  of axntibiotic to help prevent infection,surgery patients who were given the  right kind  of antibiotic to help prevent infection
400.sample,93 patientps,93 patients
389.hospital_owner,goverment - state,government - state
775.address_one,101 isvley rd,101 sivley rd
426.condition,pneumonai,pneumonia
625.hospital_name,east alabama medicalcenter and snf,east alabama medical center and snf
278.provider_number,10017,10016
610.measure_code,scipi-nf-1,scip-inf-1
430.phone_number,807059099,2562495000
417.measure_code,ami3-,ami-3
834.county_name,chiltno,chilton
726.hospital_type,nacute care hospitals,acute care hospitals
358.address_three,mpty,empty
816.hospital_owner,proprietarry,proprietary
481.hospital_name,dale medicalcenter,dale medical center
724.sample,158 patieknts,158 patients
636.score,9%,99%
40.stateavg,al_scip-insf-3,al_scip-inf-3
27.score,f78%,78%
521.state,mal,al
471.sample,6 aptients,6 patients
78.county_name,lauderdae,lauderdale
941.address_three,empy,empty
263.measure_name,surgery patients who were given an anitbiotic at the right time (within one hour before surgery) to help prevent infection,surgery patients who were given an antibiotic at the right time (within one hour before surgery) to help prevent infection
722.emergency_service,yse,yes
451.city,bthel,bethel
314.zip_code,28148,36201
359.hospital_type,acute careh ospitals,acute care hospitals
156.condition,pnelumonia,pneumonia
18.measure_code,hf3-,hf-3
83.sample,65 ptaients,65 patients
683.measure_code,n-7,pn-7
125.city,luvernye,luverne
96.score,0%,50%
294.address_two,empy,empty
242.hospital_type,acute care hsopitals,acute care hospitals
432.address_two,empdty,empty
258.hospital_name,outhwest alabama medical center,southwest alabama medical center
172.city,gkuntersville,guntersville
228.hospital_owner,voluntaryn on-profit - church,voluntary non-profit - church
621.zip_code,50183,36801
861.hospital_type,acute care hospitasl,acute care hospitals
240.address_three,emty,empty
213.county_name,jefferon,jefferson
648.state,la,al
200.address_one,50 medical park east drie,50 medical park east drive
830.hospital_type,acute care hospitasl,acute care hospitals
826.sample,315 patiens,315 patients
207.emergency_service,es,yes
179.address_two,emptzy,empty
447.state,ka,ak
54.emergency_service,yse,yes
872.index,1774,872
157.emergency_service,yse,yes
816.emergency_service,es,yes
688.address_one,619 south19th street,619 south 19th street
765.phone_number,6427454397,3342228466
43.hospital_owner,government - hospital district or cauthority,government - hospital district or authority
948.state,l,al
460.condition,sugrical infection prevention,surgical infection prevention
828.city,clandton,clanton
10.index,36.0,10
992.state,aol,al
99.provider_number,6239,10007
696.measure_code,ami5-,ami-5
613.hospital_name,elba general hspital,elba general hospital
718.address_one,1912 alabama highay 157,1912 alabama highway 157
139.stateavg,alscip-inf-2,al_scip-inf-2
20.address_three,mpty,empty
87.emergency_service,eys,yes
691.score,7%,77%
894.score,7%,87%
188.measure_name,surgery patients who were given na antibiotic at the right time (within one hour before surgery) to help prevent infection,surgery patients who were given an antibiotic at the right time (within one hour before surgery) to help prevent infection
285.address_one,1000 first strete north,1000 first street north
307.hospital_name,callahan eye foundation hospital***,callahan eye foundation hospital
501.address_three,mpty,empty
43.emergency_service,es,yes
780.measure_name,heart attack paitents given ace inhibitor or arb for left ventricular systolic dysfunction (lvsd),heart attack patients given ace inhibitor or arb for left ventricular systolic dysfunction (lvsd)
594.city,eba,elba
483.score,90c%,90%
837.measure_code,fh-3,hf-3
744.measure_name,heart attack patients given ace inhiibtor or arb for left ventricular systolic dysfunction (lvsd),heart attack patients given ace inhibitor or arb for left ventricular systolic dysfunction (lvsd)
774.city,aniston,anniston
526.hospital_type,acute cakre hospitals,acute care hospitals
891.hospital_owner,volutnary non-profit - other,voluntary non-profit - other
659.state,l,al
869.city,amilton,hamilton
570.address_one,4m800 48th st,4800 48th st
782.measure_code,ami5-,ami-5
541.address_two,emptcy,empty
604.state,l,al
256.measure_name,pnheumonia patients assessed and given pneumococcal vaccination,pneumonia patients assessed and given pneumococcal vaccination
99.condition,hert attack,heart attack
464.condition,surgicalj infection prevention,surgical infection prevention
216.score,6%,60%
300.measure_name,heart attack patients given fibrinolytic medication within 30 pminutes of arrival,heart attack patients given fibrinolytic medication within 30 minutes of arrival
278.address_two,epmty,empty
868.address_three,epmty,empty
975.address_three,mpty,empty
883.stateavg,a_ami-7a,al_ami-7a
810.address_three,empety,empty
261.score,2%,92%
582.county_name,chamzbers,chambers
78.emergency_service,yse,yes
605.condition,plneumonia,pneumonia
537.city,montgomrey,montgomery
906.city,gadsdsen,gadsden
375.zip_code,20765,35594
321.emergency_service,es,yes
229.city,fort payen,fort payne
898.hospital_type,acute caree hospitals,acute care hospitals
863.city,hamilon,hamilton
17.index,21.0,17
617.stateavg,al_ami-p1,al_ami-1
843.county_name,chilon,chilton
651.sample,4 ptients,4 patients
614.address_three,mpty,empty
574.hospital_type,acute care hospiatls,acute care hospitals
178.condition,heart faivlure,heart failure
822.hospital_type,acute care hospiatls,acute care hospitals
551.measure_name,heartv failure patients given ace inhibitor or arb for left ventricular systolic dysfunction (lvsd),heart failure patients given ace inhibitor or arb for left ventricular systolic dysfunction (lvsd)
444.address_two,mepty,empty
899.city,fayete,fayette
342.state,la,al
538.hospital_name,baptist medicla center south,baptist medical center south
508.address_two,emty,empty
744.address_one,849 south three pnotch street,849 south three notch street
146.address_one,201 pine street northwets,201 pine street northwest
370.emergency_service,eys,yes
698.address_three,ewmpty,empty
614.hospital_type,acute care hospitasl,acute care hospitals
509.address_three,epmty,empty
685.sample,324 atients,324 patients
595.address_one,987 drayton strete,987 drayton street
654.emergency_service,on,no
308.sample,empjty,empty
654.address_one,209 north mian street,209 north main street
734.hospital_name,cullman regional medical ceter,cullman regional medical center
5.measure_name,heart attack patients given aspirin at arrival,all heart surgery patients whose blood sugar (blood glucose) is kept under good control in the days right after surgery
40.measure_code,cip-inf-3,scip-inf-3
261.hospital_owner,government -federal,government - federal
661.score,mepty,empty
335.stateavg,al_ipn-2,al_pn-2
468.provider_number,11660,10021
527.sample,77 patiments,77 patients
896.state,sal,al
986.address_one,150 gilberath drive,150 gilbreath drive
83.address_two,empyt,empty
573.address_one,4800 48h st,4800 48th st
493.address_two,epmty,empty
930.measure_name,patients who got treatment  at the right time (within 24 hours before or after their surgery) to help preven blood clots after certain types of surgery,patients who got treatment  at the right time (within 24 hours before or after their surgery) to help prevent blood clots after certain types of surgery
11.index,1.0,11
397.address_one,124 smemorial dr,124 s memorial dr
623.county_name,ee,lee
231.score,9%7,97%
725.state,l,al
92.sample,619 patiens,619 patients
105.state,la,al
763.hospital_type,acute care hosiptals,acute care hospitals
510.measure_code,hscip-inf-1,scip-inf-1
309.emergency_service,yets,yes
710.phone_number,736809766,3342836541
33.emergency_service,yems,yes
826.hospital_owner,propritary,proprietary
804.index,1792,804
411.hospital_type,caute care hospitals,acute care hospitals
161.measure_code,n-7,pn-7
349.emergency_service,yves,yes
498.condition,heart ttack,heart attack
993.measure_code,n-3b,pn-3b
280.zip_code,35037,35007
863.sample,10patients,10 patients
681.stateavg,la_pn-5c,al_pn-5c
405.condition,pneumopnia,pneumonia
714.provider_number,14524,10034
150.address_one,201 pine street northest,201 pine street northwest
488.hospital_type,acute care hospials,acute care hospitals
41.hospital_owner,government - hospital district or authorty,government - hospital district or authority
588.stateavg,al_scip-inf4,al_scip-inf-4
518.zip_code,50486,36116
412.state,la,al
919.address_one,600 outh third street,600 south third street
98.address_three,epty,empty
171.emergency_service,yse,yes
383.hospital_type,acute cqare hospitals,acute care hospitals
801.hospital_type,acute cre hospitals,acute care hospitals
763.hospital_name,andlusia regional hospital,andalusia regional hospital
952.address_two,empyt,empty
901.state,l,al
92.condition,surgicaal infection prevention,surgical infection prevention
913.condition,heartw failure,heart failure
551.sample,146 patienst,146 patients
158.measure_name,pneumonia patients given smoking cessationa dvice/counseling,pneumonia patients given smoking cessation advice/counseling
543.address_three,emtpy,empty
756.phone_number,5912611273,3342228466
34.hospital_type,acute care ohspitals,acute care hospitals
429.stateavg,al_p-5c,al_pn-5c
269.hospital_owner,governmenwt - federal,government - federal
449.zip_code,99574,99508
289.address_two,epmty,empty
465.emergency_service,es,yes
716.address_two,empyt,empty
835.hospital_name,chilton emdical center,chilton medical center
450.hospital_type,acut care hospitals,acute care hospitals
453.state,la,al
408.condition,neumonia,pneumonia
480.hospital_name,dale medical centr,dale medical center
485.hospital_owner,goovernment - hospital district or authority,government - hospital district or authority
375.stateavg,als_cip-inf-3,al_scip-inf-3
994.zip_code,35171,35121
270.sample,179 patwients,179 patients
971.emergency_service,eys,yes
982.hospital_name,st vicents blount,st vincents blount
599.state,ual,al
530.hospital_type,acute care hospkitals,acute care hospitals
665.address_two,emtpy,empty
674.state,la,al
857.score,33%***,33%
197.sample,7 patients,70 patients
285.state,la,al
796.measure_name,sxurgery patients who were given an antibiotic at the right time (within one hour before surgery) to help prevent infection,surgery patients who were given an antibiotic at the right time (within one hour before surgery) to help prevent infection
770.hospital_name,stringffellow memorial hospital,stringfellow memorial hospital
65.stateavg,alscip-inf-3,al_scip-inf-3
767.condition,children s asthma cae,children s asthma care
641.condition,surgica infection prevention,surgical infection prevention
227.score,8%9,89%
984.state,la,al
6.index,23.0,6
636.state,agl,al
120.measure_name,heart attack patients given aspirin at arrival***,heart attack patients given aspirin at arrival
448.county_name,anhorage,anchorage
291.condition,surgical isnfection prevention,surgical infection prevention
767.measure_name,children who received reliever medication while hospitalized for astmhma,children who received reliever medication while hospitalized for asthma
634.state,gal,al
460.stateavg,al_scip-in-f1,al_scip-inf-1
951.hospital_name,georgiana hosiptal,georgiana hospital
259.address_one,33700 highway 43***,33700 highway 43
377.sample,146 paetients,146 patients
760.stateavg,l_scip-inf-1,al_scip-inf-1
567.address_three,emty,empty
329.measure_name,pneumonia patients given the mst appropriate initial antibiotic(s),pneumonia patients given the most appropriate initial antibiotic(s)
578.stateavg,a_pn-2,al_pn-2
262.hospital_type,cute care hospitals,acute care hospitals
42.condition,surgical nifection prevention,surgical infection prevention
282.emergency_service,yets,yes
56.measure_code,n-2,pn-2
277.hospital_name,shelby baptist medicyal center,shelby baptist medical center
717.address_one,1912 alabama highway 1f57,1912 alabama highway 157
153.county_name,morgtan,morgan
255.emergency_service,uyes,yes
925.city,gdasden,gadsden
524.address_three,ekmpty,empty
10.provider_number,10018.0,10019
230.city,forte payne,fort payne
172.condition,heart atack,heart attack
3.index,12.0,3
500.sample,4w8 patients,48 patients
994.county_name,blouant,blount
484.stateavg,al_scpi-card-2,al_scip-card-2
73.address_two,emputy,empty
294.emergency_service,yse,yes
80.address_three,epmty,empty
455.hospital_name,helen keller memoril hospital,helen keller memorial hospital
996.measure_code,fpn-6,pn-6
792.county_name,madisn,madison
496.score,mpty,empty
409.city,prmattville,prattville
390.measure_code,hf4-,hf-4
242.hospital_name,dekalb regional mdical center,dekalb regional medical center
575.address_one,800 48th st,4800 48th st
662.measure_code,cscip-inf-3,scip-inf-3
992.hospital_name,st vincent sblount,st vincents blount
465.county_name,jefferdson,jefferson
962.county_name,cofwfee,coffee
506.score,8%9,89%
670.state,la,al
10.measure_name,heart attack patienst given aspirin at discharge,heart attack patients given aspirin at discharge
11.hospital_name,callahan eye foundation hospital,helen keller memorial hospital
626.address_one,2000 pepperll parkway,2000 pepperell parkway
392.address_one,2451 fillingimm street,2451 fillingim street
735.address_one,1912 alabama hghway 157,1912 alabama highway 157
991.provider_number,10111,10050
380.condition,hert attack,heart attack
910.city,dgadsden,gadsden
581.hospital_name,g h lnaier memorial hospital,g h lanier memorial hospital
829.hospital_type,azcute care hospitals,acute care hospitals
5.address_one,1108 ross clark circle,1720 university blvd
778.county_name,mwadison,madison
991.stateavg,al_fh-4,al_hf-4
954.hospital_owner,voluntary non-prfit - private,voluntary non-profit - private
368.city,winifield,winfield
843.measure_code,pn-d6,pn-6
586.stateavg,l_scip-inf-2,al_scip-inf-2
929.condition,surggical infection prevention,surgical infection prevention
900.hospital_owner,voluntary on-profit - other,voluntary non-profit - other
797.address_two,epmty,empty
668.hospital_name,universityl of alabama hospital,university of alabama hospital
807.address_three,emptyy,empty
748.condition,heart atatck,heart attack
162.condition,surgical infection prveention,surgical infection prevention
167.condition,surgical infection prevetnion,surgical infection prevention
190.score,10%0,100%
935.stateavg,al_ami-a5,al_ami-5
886.state,aml,al
649.emergency_service,noo,no
504.sample,3 3patients,33 patients
285.hospital_owner,voluntary non-profit - churhc,voluntary non-profit - church
305.hospital_owner,voluntarvy non-profit - private,voluntary non-profit - private
50.address_one,2505  s highway 431 north,2505 u s highway 431 north
665.hospital_name,wedowee hospiftal,wedowee hospital
448.emergency_service,ys,yes
581.county_name,chambes,chambers
494.county_name,cheroee,cherokee
327.state,la,al
870.hospital_owner,voluntar non-profit - private,voluntary non-profit - private
237.address_three,hempty,empty
130.measure_name,heart faiure patients given smoking cessation advice/counseling,heart failure patients given smoking cessation advice/counseling
126.emergency_service,es,yes
923.condition,surgicaal infection prevention,surgical infection prevention
941.score,5%,75%
291.address_two,empyt,empty
381.address_one,2451 fillingim strbeet,2451 fillingim street
643.phone_number,4991129316,2563572111
279.emergency_service,eys,yes
552.emergency_service,es,yes
407.address_one,124 s memorail dr,124 s memorial dr
608.score,10%0,100%
930.stateavg,als_cip-vte-2,al_scip-vte-2
613.address_two,mpty,empty
182.stateavg,la_pn-3b,al_pn-3b
6.address_two,empyt,empty
137.hospital_type,acute cae hospitals,acute care hospitals
750.address_two,emptqy,empty
554.condition,pneumoia,pneumonia
854.phone_number,4988939414,2059216200
564.address_two,emwpty,empty
500.index,1960,500
284.zip_code,31715,35007
707.emergency_service,nvo,no
74.address_three,emnpty,empty
737.condition,surgicaly infection prevention,surgical infection prevention
690.measure_code,cip-vte-1,scip-vte-1
526.address_two,mepty,empty
201.address_three,emptfy,empty
290.emergency_service,yse,yes
512.condition,srgical infection prevention,surgical infection prevention
957.state,ael,al
721.measure_code,ami5-,ami-5
438.emergency_service,yse,yes
284.address_one,1000 first steet north,1000 first street north
142.hospital_type,acute care ohspitals,acute care hospitals
483.city,zark,ozark
727.sample,2 patients,42 patients
92.city,floarence,florence
580.hospital_owner,voluntary non-nprofit - other,voluntary non-profit - other
31.city,dojthan,dothan
527.provider_number,8808,10023
197.hospital_name,st vincents egast,st vincents east
405.hospital_owner,voluntary non-profit - privtae,voluntary non-profit - private
729.address_two,empy,empty
417.condition,heart atatck,heart attack
269.address_two,emty,empty
140.measure_code,swcip-inf-3,scip-inf-3
202.hospital_name,st vincentseast,st vincents east
992.emergency_service,lyes,yes
292.address_two,mpty,empty
184.sample,15 patients,158 patients
295.state,l,al
520.county_name,montgofmery,montgomery
111.stateavg,al_p-n7,al_pn-7
629.index,2179,629
633.measure_name,pneumonia patients asesssed and given influenza vaccination,pneumonia patients assessed and given influenza vaccination
182.address_two,eempty,empty
98.hospital_type,acute care hospitlas,acute care hospitals
134.address_three,mpty,empty
323.address_one,301 east 18tlh st,301 east 18th st
974.hospital_name,medical cenpter enterprise,medical center enterprise
991.hospital_type,acute carehospitals,acute care hospitals
992.address_two,emty,empty
508.hospital_type,acute care hospitarls,acute care hospitals
334.measure_code,hf4-,hf-4
545.address_one,725 pine street,1725 pine street
640.sample,473 atients,473 patients
437.address_three,epmty,empty
706.hospital_owner,voluntary non-profti - private,voluntary non-profit - private
623.sample,26 patiengts,26 patients
920.zip_code,24862,35901
135.measure_code,pn6,pn-6
493.city,entre,centre
531.measure_code,np-5c,pn-5c
318.sample,67 paitents,67 patients
5.hospital_name,southeast alabama medical center,callahan eye foundation hospital
647.measure_code,ami-a7,ami-7a
153.hospital_name,hartselle medical cetner,hartselle medical center
2.zip_code,36302.0,35233
208.measure_code,n-4,pn-4
184.state,la,al
49.condition,heatr attack,heart attack
122.address_one,101 hospital cinrcle,101 hospital circle
390.city,zmobile,mobile
508.measure_name,pneumonia patients assessed and gven influenza vaccination,pneumonia patients assessed and given influenza vaccination
52.condition,hearot failure,heart failure
148.address_one,201 pin estreet northwest,201 pine street northwest
26.address_one,1108 ross clar circle,1108 ross clark circle
628.score,9%,92%
593.city,relba,elba
568.city,vfalley,valley
566.hospital_owner,vluntary non-profit - private,voluntary non-profit - private
267.address_three,emkpty,empty
731.emergency_service,es,yes
312.hospital_owner,propritary,proprietary
525.address_two,empvty,empty
388.hospital_name,univ of southo alabama medical center,univ of south alabama medical center
28.sample,514 patietns,514 patients
442.hospital_type,acte care hospitals,acute care hospitals
512.county_name,cheprokee,cherokee
961.address_three,emty,empty
573.measure_name,heart attack mpatients given pci within 90 minutes of arrival,heart attack patients given pci within 90 minutes of arrival
806.score,o100%,100%
925.sample,44 patients,404 patients
285.hospital_name,shelby bapitst medical center,shelby baptist medical center
143.hospital_name,crenshaw community hospial,crenshaw community hospital
276.emergency_service,ydes,yes
141.emergency_service,yse,yes
762.hospital_name,andalusia ergional hospital,andalusia regional hospital
772.city,annistn,anniston
436.address_two,emty,empty
304.county_name,jfeferson,jefferson
549.hospital_owner,voluntary non-prtofit - private,voluntary non-profit - private
708.hospital_name,communit yhospital inc,community hospital inc
7.phone_number,2.563864556E9,2053258100
883.measure_name,heart attack patients given fibrinolytic medicationwithin 30 minutes of arrival,heart attack patients given fibrinolytic medication within 30 minutes of arrival
442.sample,29 aptients,29 patients
380.score,9%,99%
386.address_three,empyt,empty
432.measure_name,surgery paients who were taking heart drugs called beta blockers before coming to the hospital who were kept on the beta blockers during the period just before and after their surgery,surgery patients who were taking heart drugs called beta blockers before coming to the hospital who were kept on the beta blockers during the period just before and after their surgery
601.score,emtpy,empty
39.measure_code,sci-pinf-2,scip-inf-2
2.provider_number,10019.0,10018
935.hospital_owner,voluqntary non-profit - private,voluntary non-profit - private
141.address_three,mpty,empty
725.condition,hear tfailure,heart failure
786.phone_number,6489260837,2562651000
705.stateavg,al_n-4,al_pn-4
378.sample,58 patienst,58 patients
76.measure_name,heart attack patients given pci within 90 mintues of arrival,heart attack patients given pci within 90 minutes of arrival
447.city,anhcorage,anchorage
275.score,epty,empty
187.measure_code,cip-card-2,scip-card-2
101.stateavg,al_amqi-8a,al_ami-8a
507.stateavg,al_p-6,al_pn-6
571.county_name,chamcbers,chambers
121.measure_name,heart attack patents given aspirin at discharge,heart attack patients given aspirin at discharge
272.measure_code,ai-3,ami-3
70.hospital_name,eliza coffee memorial hosptial,eliza coffee memorial hospital
460.address_two,emty,empty
424.city,dsylacauga,sylacauga
409.address_one,124 s memoriald r,124 s memorial dr
822.measure_name,surgery patients who were given the  right ind  of antibiotic to help prevent infection,surgery patients who were given the  right kind  of antibiotic to help prevent infection
232.address_one,200 med centper drive,200 med center drive
256.address_one,33700 highway43,33700 highway 43
770.emergency_service,yse,yes
904.hospital_name,riverview regional medical centre,riverview regional medical center
819.condition,neumonia,pneumonia
523.county_name,montxgomery,montgomery
802.address_two,epmty,empty
551.hospital_type,cute care hospitals,acute care hospitals
122.hospital_type,acuet care hospitals,acute care hospitals
338.address_one,4370 wuest main street,4370 west main street
781.county_name,madoison,madison
282.county_name,shleby,shelby
273.hospital_owner,volutary non-profit - church,voluntary non-profit - church
263.state,cal,al
486.measure_code,scip-iwnf-2,scip-inf-2
414.measure_name,patients who got treatment  at the right time (within 24 hours before or after their surgery to help prevent blood clots after certain types of surgery,patients who got treatment  at the right time (within 24 hours before or after their surgery) to help prevent blood clots after certain types of surgery
689.address_two,epmty,empty
800.address_one,101 sviley rd,101 sivley rd
19.emergency_service,yse,yes
751.state,la,al
258.sample,6p atients,6 patients
338.hospital_type,acute care hospitvals,acute care hospitals
423.sample,105 patienets,105 patients
928.condition,surgical infqection prevention,surgical infection prevention
413.address_two,empyt,empty
712.hospital_type,acute care hspitals,acute care hospitals
994.hospital_name,st vincent sblount,st vincents blount
838.address_two,mpty,empty
450.measure_name,patients who got treatment  at the right time (within 24 hours before o after their surgery) to help prevent blood clots after certain types of surgery,patients who got treatment  at the right time (within 24 hours before or after their surgery) to help prevent blood clots after certain types of surgery
451.address_two,empity,empty
487.hospital_name,dale medicalc enter,dale medical center
201.address_one,50 medical park aest drive,50 medical park east drive
276.hospital_name,shelby bptist medical center,shelby baptist medical center
477.address_one,126hospital ave,126 hospital ave
97.condition,heart ttack,heart attack
790.hospital_owner,government - hospitald istrict or authority,government - hospital district or authority
904.county_name,etowjah,etowah
477.measure_code,h-4,hf-4
976.condition,surgical infection preevntion,surgical infection prevention
17.address_one,1i300 south montgomery avenue,1300 south montgomery avenue
495.condition,heart attcak,heart attack
566.city,montgomry,montgomery
993.hospital_owner,vountary non-profit - private,voluntary non-profit - private
9.city,dothan,sheffield
144.index,-560,144
106.sample,85p atients,85 patients
150.address_two,mpty,empty
126.address_three,epty,empty
716.zip_code,20452,36078
449.provider_number,20052,20017
638.emergency_service,yse,yes
880.score,%,0%
95.hospital_type,acute care hospiteals,acute care hospitals
114.sample,s101 patients,101 patients
638.hospital_owner,government - hospital district or authoriyt,government - hospital district or authority
66.address_one,2505 u s highpway 431 north,2505 u s highway 431 north
591.condition,usrgical infection prevention,surgical infection prevention
238.measure_code,pscip-inf-1,scip-inf-1
604.emergency_service,yse,yes
135.score,6%2,62%
313.measure_code,ac-3,cac-3
596.address_three,mepty,empty
776.city,hnutsville,huntsville
21.address_one,1720 university blvd,1108 ross clark circle
826.score,9%,95%
999.score,4%,64%
671.state,avl,al
711.hospital_owner,voluntary no-nprofit - private,voluntary non-profit - private
641.hospital_name,east alabama medical enter and snf,east alabama medical center and snf
121.measure_code,ami-h2,ami-2
173.state,l,al
318.hospital_owner,prorpietary,proprietary
163.county_name,mogran,morgan
293.county_name,shelxby,shelby
350.city,birmngham,birmingham
656.stateavg,aul_pn-5c,al_pn-5c
775.city,huntpsville,huntsville
568.measure_name,heart attack patients given aspgirin at discharge,heart attack patients given aspirin at discharge
529.emergency_service,yefs,yes
750.hospital_owner,proprieltary,proprietary
598.emergency_service,yeks,yes
760.hospital_type,acute care hospials,acute care hospitals
988.hospital_owner,vvoluntary non-profit - private,voluntary non-profit - private
913.provider_number,7072,10046
370.county_name,marioyn,marion
748.measure_code,ami-8pa,ami-8a
150.address_three,epmty,empty
543.stateavg,alami-2,al_ami-2
777.city,huntville,huntsville
432.stateavg,al_scip-card2-,al_scip-card-2
395.condition,hearta ttack,heart attack
650.state,l,al
745.state,l,al
932.address_one,515 mirandas t,515 miranda st
739.condition,surgicla infection prevention,surgical infection prevention
870.score,67m%,67%
808.measure_name,heart attack patients given fibrinolytic medicration within 30 minutes of arrival,heart attack patients given fibrinolytic medication within 30 minutes of arrival
685.measure_name,surgery patients who were given an antibiotic at the right time (within one hour before surgery) to help prevent infectsion,surgery patients who were given an antibiotic at the right time (within one hour before surgery) to help prevent infection
606.hospital_name,elba genreal hospital,elba general hospital
21.sample,51 6patients,516 patients
816.measure_code,pn-x4,pn-4
395.score,epty,empty
49.stateavg,al_mi-5,al_ami-5
262.measure_code,scipcard-2,scip-card-2
732.address_three,empy,empty
678.city,birmingam,birmingham
248.city,thomasvillje,thomasville
89.county_name,luderdale,lauderdale
378.stateavg,al_scipc-vte-1,al_scip-vte-1
561.emergency_service,ys,yes
669.hospital_owner,government- state,government - state
250.measure_code,amir-7a,ami-7a
711.hospital_type,acute are hospitals,acute care hospitals
343.hospital_type,acute carehospitals,acute care hospitals
966.hospital_name,medicla center enterprise,medical center enterprise
558.hospital_name,jackson hospital & clinic nic,jackson hospital & clinic inc
84.stateavg,al_pn5-c,al_pn-5c
451.condition,heartz attack,heart attack
513.stateavg,al_scip-inf4,al_scip-inf-4
142.index,-505,142
705.county_name,eelmore,elmore
523.stateavg,a_lami-8a,al_ami-8a
282.hospital_owner,voluntary non-profi t- church,voluntary non-profit - church
379.emergency_service,pyes,yes
494.hospital_owner,vlountary non-profit - private,voluntary non-profit - private
603.address_two,mepty,empty
520.emergency_service,yse,yes
114.address_one,702  nmain st,702 n main st
6.score,empaty,empty
225.emergency_service,eys,yes
871.score,8%0,80%
294.measure_name,patients who got treatment  at the right time (within 24 hours before or after their surgery) to help prevent blood clots after certain tpyes of surgery,patients who got treatment  at the right time (within 24 hours before or after their surgery) to help prevent blood clots after certain types of surgery
591.score,8%2,82%
9.index,1.0,9
179.county_name,jmarshall,marshall
287.hospital_type,acute cajre hospitals,acute care hospitals
398.measure_name,heart attdack patients given pci within 90 minutes of arrival,heart attack patients given pci within 90 minutes of arrival
708.city,talassee,tallassee
431.hospital_name,coosa vaclley medical center,coosa valley medical center
337.address_two,emtpy,empty
662.score,emppty,empty
488.hospital_name,dale medical ceter,dale medical center
931.address_one,15 miranda st,515 miranda st
518.county_name,montgomerpy,montgomery
177.emergency_service,eys,yes
910.address_two,empyt,empty
244.hospital_type,acute care hospitbals,acute care hospitals
797.emergency_service,es,yes
15.sample,0 patiens,0 patients
219.measure_name,patients whso got treatment  at the right time (within 24 hours before or after their surgery) to help prevent blood clots after certain types of surgery,patients who got treatment  at the right time (within 24 hours before or after their surgery) to help prevent blood clots after certain types of surgery
689.city,buirmingham,birmingham
364.state,xal,al
689.hospital_owner,government - tsate,government - state
907.emergency_service,yess,yes
551.condition,eart failure,heart failure
458.county_name,jeffrson,jefferson
144.sample,4 pratients,4 patients
615.measure_name,surgery patients whose doctors ordered treatments to prevent blood clotsafter certain types of surgeries,surgery patients whose doctors ordered treatments to prevent blood clots after certain types of surgeries
543.address_one,1725 pinef street,1725 pine street
340.city,dothn,dothan
424.emergency_service,o,no
946.measure_code,pnk-6,pn-6
32.state,l,al
183.emergency_service,es,yes
107.address_three,mpty,empty
726.zip_code,43662,35058
849.address_three,empjty,empty
751.address_three,empdty,empty
134.emergency_service,ys,yes
83.hospital_owner,voluntar ynon-profit - other,voluntary non-profit - other
8.provider_number,10019.0,10018
855.address_three,epmty,empty
330.score,19%,91%
280.phone_number,2056208174,2056208100
505.address_one,400 northwood rd,400 northwood dr
753.measure_code,p-2,pn-2
49.city,oaz,boaz
237.address_one,200 med ucenter drive,200 med center drive
43.hospital_type,acute care hosptals,acute care hospitals
837.hospital_name,chilton medsical center,chilton medical center
344.county_name,houstn,houston
6.hospital_name,helen keller memorial hospital,callahan eye foundation hospital
6.provider_number,10019.0,10018
596.address_two,emtpy,empty
4.index,5.0,4
447.hospital_owner,propritary,proprietary
106.address_one,702 n min st,702 n main st
800.county_name,adison,madison
865.phone_number,4790300149,2059216200
625.measure_code,hf-t2,hf-2
276.stateavg,al_yami-8a,al_ami-8a
532.hospital_name,baptist medical center suth,baptist medical center south
913.stateavg,a_hf-1,al_hf-1
469.hospital_name,dal emedical center,dale medical center
6.measure_code,ami-8a,scip-inf-6
796.address_two,emty,empty
278.city,alabaser,alabaster
111.address_two,epmty,empty
679.address_one,619 south 19tvh street,619 south 19th street
930.score,4%,84%
8.index,19.0,8
16.sample,114 paftients,114 patients
772.county_name,calahoun,calhoun
816.hospital_name,gadsden regional medfical center,gadsden regional medical center
603.stateavg,l_pn-2,al_pn-2
360.county_name,mraion,marion
16.measure_code,hf1-,hf-1
128.measure_name,heart failure patients given an evaluation ofl left ventricular systolic (lvs) function,heart failure patients given an evaluation of left ventricular systolic (lvs) function
123.hospital_type,acute care hspitals,acute care hospitals
36.sample,160 paients,160 patients
577.hospital_type,acnute care hospitals,acute care hospitals
19.condition,heart failurme,heart failure
577.state,l,al
952.sample,emptmy,empty
119.measure_name,patients who got treatment  at the right time (within 24 hours before or after their surgery) to help prevent blood clots after certain types f surgery,patients who got treatment  at the right time (within 24 hours before or after their surgery) to help prevent blood clots after certain types of surgery
409.emergency_service,es,yes
910.address_one,600 south third stret,600 south third street
959.state,ael,al
590.score,8%,88%
336.measure_code,pn-b3,pn-3b
621.measure_code,ami5,ami-5
817.measure_code,phn-5c,pn-5c
334.emergency_service,ys,yes
810.measure_code,h-f1,hf-1
348.sample,497patients,497 patients
661.sample,mpty,empty
850.hospital_name,chilton medical crenter,chilton medical center
352.emergency_service,es,yes
613.score,mpty,empty
391.hospital_owner,government e- state,government - state
963.address_three,emtpy,empty
485.hospital_name,dlae medical center,dale medical center
924.condition,surgical infetion prevention,surgical infection prevention
118.sample,7 patients,77 patients
215.measure_code,scip-inf3-,scip-inf-3
592.city,ela,elba
323.hospital_type,cute care hospitals,acute care hospitals
158.address_one,201 pine street norhtwest,201 pine street northwest
925.county_name,setowah,etowah
529.measure_name,pneumonia patients whose initial emergency room blood culture was performed prior to the administraktion of the first hospital dose of antibiotics,pneumonia patients whose initial emergency room blood culture was performed prior to the administration of the first hospital dose of antibiotics
805.measure_name,heart attack patients given ace inhibitor or arb fzor left ventricular systolic dysfunction (lvsd),heart attack patients given ace inhibitor or arb for left ventricular systolic dysfunction (lvsd)
157.hospital_name,hartselle medical cenfter,hartselle medical center
115.measure_code,scipa-inf-3,scip-inf-3
561.address_two,empcty,empty
133.score,3%3,33%
893.state,arl,al
893.emergency_service,yse,yes
632.score,n97%,97%
600.hospital_type,acute care ohspitals,acute care hospitals
349.address_one,810 st vincentds drive,810 st vincents drive
536.hospital_name,baptist medical center sotuh,baptist medical center south
61.address_one,2505 u sj highway 431 north,2505 u s highway 431 north
717.city,ullman,cullman
44.state,aml,al
374.hospital_name,northwet medical center,northwest medical center
342.hospital_owner,porprietary,proprietary
165.state,la,al
87.condition,sugrical infection prevention,surgical infection prevention
271.address_one,1000 lfirst street north,1000 first street north
743.condition,heart atntack,heart attack
863.state,l,al
226.condition,heart azttack,heart attack
939.stateavg,al_hgf-2,al_hf-2
285.condition,pneuomnia,pneumonia
748.measure_name,heart attack patiens given pci within 90 minutes of arrival,heart attack patients given pci within 90 minutes of arrival
987.county_name,bclount,blount
753.measure_name,pneumonia patients assesed and given pneumococcal vaccination,pneumonia patients assessed and given pneumococcal vaccination
428.measure_code,n-4,pn-4
62.address_three,empxty,empty
293.measure_code,scip-nvte-1,scip-vte-1
278.state,l,al
274.state,sal,al
3.provider_number,10019.0,10018
657.state,lal,al
497.city,ecntre,centre
924.hospital_owner,pnroprietary,proprietary
322.county_name,alhoun,calhoun
623.hospital_name,east alabama medical cetner and snf,east alabama medical center and snf
781.measure_code,ami-n4,ami-4
100.county_name,cvington,covington
90.state,la,al
107.hospital_type,acute cae hospitals,acute care hospitals
186.score,0%,90%
775.hospital_type,acute care hospitls,acute care hospitals
307.city,mbirmingham,birmingham
642.phone_number,6280817918,2563572111
90.hospital_owner,voluntary non-profit - othre,voluntary non-profit - other
729.address_one,912 alabama highway 157,1912 alabama highway 157
141.address_two,emptey,empty
472.address_one,e126 hospital ave,126 hospital ave
489.address_two,mpty,empty
346.county_name,houstno,houston
41.score,i96%,96%
553.city,mongtomery,montgomery
532.stateavg,alp_n-6,al_pn-6
28.address_two,esmpty,empty
681.hospital_owner,goernment - state,government - state
283.hospital_owner,voluntcary non-profit - church,voluntary non-profit - church
279.hospital_name,suhelby baptist medical center,shelby baptist medical center
631.address_one,2000 pepperell parkwlay,2000 pepperell parkway
825.measure_name,surgery patients needing hair removed from the surgical area befor esurgery who had hair removed using a safer method (electric clippers or hair removal cream c not a razor),surgery patients needing hair removed from the surgical area before surgery who had hair removed using a safer method (electric clippers or hair removal cream c not a razor)
918.address_one,600 south thrid street,600 south third street
554.hospital_owner,volunatry non-profit - private,voluntary non-profit - private
469.sample,0 paatients,0 patients
806.address_two,epty,empty
805.index,-598,805
727.city,culman,cullman
230.hospital_type,acute carue hospitals,acute care hospitals
683.hospital_name,university ouf alabama hospital,university of alabama hospital
989.emergency_service,eys,yes
798.city,huntsvile,huntsville
120.city,luveren,luverne
658.address_two,empy,empty
128.address_two,epty,empty
929.city,gadszden,gadsden
345.state,l,al
781.condition,herat attack,heart attack
3.zip_code,36302.0,35233
22.state,l,al
20.emergency_service,yxes,yes
2.stateavg,al_ami-8a,al_scip-inf-1
231.hospital_owner,voluntary no-nprofit - church,voluntary non-profit - church
755.emergency_service,o,no
424.county_name,tallaega,talladega
848.state,l,al
989.address_one,150 gilbreath drivbe,150 gilbreath drive
944.address_three,empyt,empty
217.address_three,epmty,empty
774.measure_name,patients who got treatment  at the right time (within 24 hours before or after theirs urgery) to help prevent blood clots after certain types of surgery,patients who got treatment  at the right time (within 24 hours before or after their surgery) to help prevent blood clots after certain types of surgery
664.hospital_name,wedowee hosptal,wedowee hospital
477.address_three,empgty,empty
937.address_three,emty,empty
690.zip_code,49636,35233
219.address_three,empyt,empty
693.emergency_service,nmo,no
588.hospital_name,g h lanier memorial hospial,g h lanier memorial hospital
846.stateavg,al_scipi-nf-1,al_scip-inf-1
99.hospital_name,mizell memorialr hospital,mizell memorial hospital
949.measure_name,surgery patients who were given an antisbiotic at the right time (within one hour before surgery) to help prevent infection,surgery patients who were given an antibiotic at the right time (within one hour before surgery) to help prevent infection
772.hospital_owner,propreitary,proprietary
449.measure_code,scuip-vte-1,scip-vte-1
703.measure_name,pneumonia patiendts assessed and given pneumococcal vaccination,pneumonia patients assessed and given pneumococcal vaccination
604.measure_name,pneumonia patients whose initial emergency room blood culture was pereformed prior to the administration of the first hospital dose of antibiotics,pneumonia patients whose initial emergency room blood culture was performed prior to the administration of the first hospital dose of antibiotics
876.emergency_service,hyes,yes
113.address_two,empyt,empty
40.city,odthan,dothan
294.state,la,al
93.address_three,mpty,empty
119.phone_number,5982201847,3344933541
788.measure_code,f-4,hf-4
457.state,la,al
387.stateavg,l_hf-1,al_hf-1
992.condition,penumonia,pneumonia
26.stateavg,a_ami-8a,al_ami-8a
464.state,la,al
35.address_two,epty,empty
283.hospital_type,acute care ospitals,acute care hospitals
42.city,othan,dothan
806.address_three,epty,empty
442.measure_code,pnw-7,pn-7
210.measure_code,pn6-,pn-6
352.address_one,810 st vincents drivoe,810 st vincents drive
931.address_two,emplty,empty
388.emergency_service,iyes,yes
179.measure_code,hf3-,hf-3
157.hospital_type,acute care ospitals,acute care hospitals
824.hospital_name,gadsden regional medifcal center,gadsden regional medical center
872.score,8%7,87%
654.stateavg,al_pn-b3,al_pn-3b
450.address_one,801 debarr road,2801 debarr road
450.stateavg,aks_cip-vte-2,ak_scip-vte-2
826.measure_name,surgery patients whose doctors ordefred treatments to prevent blood clots after certain types of surgeries,surgery patients whose doctors ordered treatments to prevent blood clots after certain types of surgeries
650.stateavg,al_hfd-2,al_hf-2
538.emergency_service,cyes,yes
740.address_three,emtpy,empty
695.address_two,epmty,empty
459.measure_name,surgery patients who were taking heart drugs called beta blockers before coming to the hospital who were kept on the beta blockres during the period just before and after their surgery,surgery patients who were taking heart drugs called beta blockers before coming to the hospital who were kept on the beta blockers during the period just before and after their surgery
539.address_one,2105 east south jboulevard,2105 east south boulevard
379.measure_code,scip-vet-2,scip-vte-2
723.address_one,1912 alabama hihgway 157,1912 alabama highway 157
780.score,9%7,97%
123.stateavg,l_ami-4,al_ami-4
997.measure_code,pxn-7,pn-7
877.condition,surgical infection preventino,surgical infection prevention
26.hospital_name,southeast alabamia medical center,southeast alabama medical center
879.measure_code,mi-2,ami-2
998.stateavg,alscip-card-2,al_scip-card-2
361.address_two,empyt,empty
947.emergency_service,rno,no
852.city,canton,clanton
603.hospital_name,elbageneral hospital,elba general hospital
815.measure_name,phneumonia patients whose initial emergency room blood culture was performed prior to the administration of the first hospital dose of antibiotics,pneumonia patients whose initial emergency room blood culture was performed prior to the administration of the first hospital dose of antibiotics
51.measure_code,mai-8a,ami-8a
692.hospital_name,commuinty hospital inc,community hospital inc
853.county_name,arion,marion
613.condition,surgical infectin prevention,surgical infection prevention
225.address_one,200 mde center drive,200 med center drive
390.address_two,evmpty,empty
598.hospital_owner,voluntazry non-profit - other,voluntary non-profit - other
163.hospital_owner,propretary,proprietary
7.index,12.0,7
148.sample,2 jpatients,2 patients
887.emergency_service,yhes,yes
745.measure_name,heart attack paitents given smoking cessation advice/counseling,heart attack patients given smoking cessation advice/counseling
560.sample,844 ypatients,844 patients
662.emergency_service,on,no
2.phone_number,3.347938701E9,2053258100
389.measure_name,heart failure patients given ace inhibitor or arb for left ventricular systolic dysfuction (lvsd),heart failure patients given ace inhibitor or arb for left ventricular systolic dysfunction (lvsd)
962.hospital_type,acute care hopitals,acute care hospitals
904.condition,children s atshma care,children s asthma care
